{"lr": 0.19923678501135844, "data_time": 0.10073412789238824, "grad_norm": 2.3336075213220386, "loss": 1.0739434328344133, "top1_acc": 0.375, "top5_acc": 1.0, "loss_cls": 1.0739434328344133, "time": 1.109938965903388, "epoch": 1, "iter": 18, "memory": 9590, "step": 18}
{"acc/top1": 0.25, "acc/top5": 1.0, "acc/mean1": 0.3333333333333333, "data_time": 1.0852136611938477, "time": 1.375908374786377, "step": 1}
{"lr": 0.19677824535432006, "data_time": 0.1056780457496643, "grad_norm": 2.348839382082224, "loss": 0.724624530505389, "top1_acc": 0.875, "top5_acc": 1.0, "loss_cls": 0.724624530505389, "time": 1.0541696906089784, "epoch": 2, "iter": 36, "memory": 9590, "step": 36}
{"acc/top1": 0.25, "acc/top5": 1.0, "acc/mean1": 0.3333333333333333, "data_time": 0.9524675607681274, "time": 1.2416040897369385, "step": 2}
{"lr": 0.1926638030872705, "data_time": 0.09992642402648926, "grad_norm": 1.5343988712877035, "loss": 0.4491677475394681, "top1_acc": 1.0, "top5_acc": 1.0, "loss_cls": 0.4491677475394681, "time": 1.055855119228363, "epoch": 3, "iter": 54, "memory": 9590, "step": 54}
{"acc/top1": 0.5, "acc/top5": 1.0, "acc/mean1": 0.5499999999999999, "data_time": 0.8113148212432861, "time": 1.0978198051452637, "step": 3}
{"lr": 0.18696385745813787, "data_time": 0.10682220458984375, "grad_norm": 1.2165759921073913, "loss": 0.4503508390858769, "top1_acc": 0.875, "top5_acc": 1.0, "loss_cls": 0.4503508390858769, "time": 1.0787306666374206, "epoch": 4, "iter": 72, "memory": 9590, "step": 72}
{"acc/top1": 0.5833333333333334, "acc/top5": 1.0, "acc/mean1": 0.5722222222222223, "data_time": 0.7898825407028198, "time": 1.0771552324295044, "step": 4}
{"lr": 0.17977593611696008, "data_time": 0.10778975486755371, "grad_norm": 0.7389142882078886, "loss": 0.18074255636893213, "top1_acc": 1.0, "top5_acc": 1.0, "loss_cls": 0.18074255636893213, "time": 1.0920554041862487, "epoch": 5, "iter": 90, "memory": 9590, "step": 90}
{"acc/top1": 0.4166666666666667, "acc/top5": 1.0, "acc/mean1": 0.4388888888888889, "data_time": 0.8011734485626221, "time": 1.0906833410263062, "step": 5}
{"lr": 0.17122302639075307, "data_time": 0.1130767822265625, "grad_norm": 0.4345756694674492, "loss": 0.06760920668020845, "top1_acc": 1.0, "top5_acc": 1.0, "loss_cls": 0.06760920668020845, "time": 1.109686303138733, "epoch": 6, "iter": 108, "memory": 9590, "step": 108}
{"acc/top1": 0.4166666666666667, "acc/top5": 1.0, "acc/mean1": 0.5, "data_time": 0.8123420476913452, "time": 1.103570818901062, "step": 6}
{"lr": 0.16145147093624676, "data_time": 0.10601588487625122, "grad_norm": 0.5034867365844548, "loss": 0.12321352257858961, "top1_acc": 1.0, "top5_acc": 1.0, "loss_cls": 0.12321352257858961, "time": 1.1159773468971252, "epoch": 7, "iter": 126, "memory": 9590, "step": 126}
{"acc/top1": 0.5833333333333334, "acc/top5": 1.0, "acc/mean1": 0.6166666666666667, "data_time": 0.8084726333618164, "time": 1.1012417078018188, "step": 7}
{"lr": 0.15062846377645475, "data_time": 0.10274511575698853, "grad_norm": 0.20620427168905736, "loss": 0.07195296490099282, "top1_acc": 1.0, "top5_acc": 1.0, "loss_cls": 0.07195296490099282, "time": 1.128029501438141, "epoch": 8, "iter": 144, "memory": 9590, "step": 144}
{"acc/top1": 0.5833333333333334, "acc/top5": 1.0, "acc/mean1": 0.6166666666666667, "data_time": 0.8234103918075562, "time": 1.1181997060775757, "step": 8}
{"lr": 0.13893918956458548, "data_time": 0.10387849807739258, "grad_norm": 0.46955956167075785, "loss": 0.1378438137646299, "top1_acc": 1.0, "top5_acc": 1.0, "loss_cls": 0.1378438137646299, "time": 1.1436327338218688, "epoch": 9, "iter": 162, "memory": 9590, "step": 162}
{"acc/top1": 0.5, "acc/top5": 1.0, "acc/mean1": 0.5055555555555555, "data_time": 0.8277928829193115, "time": 1.1250829696655273, "step": 9}
{"lr": 0.12658365502328323, "data_time": 0.1041372537612915, "grad_norm": 0.1542853065766394, "loss": 0.034466903965221715, "top1_acc": 1.0, "top5_acc": 1.0, "loss_cls": 0.034466903965221715, "time": 1.141582155227661, "epoch": 10, "iter": 180, "memory": 9590, "step": 180}
{"acc/top1": 0.5833333333333334, "acc/top5": 1.0, "acc/mean1": 0.6166666666666667, "data_time": 0.8266037702560425, "time": 1.1233060359954834, "step": 10}
{"lr": 0.113773266774151, "data_time": 0.11725561618804932, "grad_norm": 0.07788943583145738, "loss": 0.01604504055576399, "top1_acc": 1.0, "top5_acc": 1.0, "loss_cls": 0.01604504055576399, "time": 1.1464391946792603, "epoch": 11, "iter": 198, "memory": 9590, "step": 198}
{"acc/top1": 0.5833333333333334, "acc/top5": 1.0, "acc/mean1": 0.6166666666666667, "data_time": 0.8346115350723267, "time": 1.12993586063385, "step": 11}
{"lr": 0.10072721411184209, "data_time": 0.10762161016464233, "grad_norm": 0.05732951364479959, "loss": 0.010038863506633789, "top1_acc": 1.0, "top5_acc": 1.0, "loss_cls": 0.010038863506633789, "time": 1.1423899054527282, "epoch": 12, "iter": 216, "memory": 9590, "step": 216}
{"acc/top1": 0.5833333333333334, "acc/top5": 1.0, "acc/mean1": 0.6166666666666667, "data_time": 0.8201906681060791, "time": 1.1152541637420654, "step": 12}
{"lr": 0.08766871861445773, "data_time": 0.11089938879013062, "grad_norm": 0.03896423997357488, "loss": 0.008269267971627414, "top1_acc": 1.0, "top5_acc": 1.0, "loss_cls": 0.008269267971627414, "time": 1.1505039930343628, "epoch": 13, "iter": 234, "memory": 9590, "step": 234}
{"acc/top1": 0.5833333333333334, "acc/top5": 1.0, "acc/mean1": 0.6166666666666667, "data_time": 0.8091397285461426, "time": 1.1042252779006958, "step": 13}
{"lr": 0.07482121476045708, "data_time": 0.09947646856307983, "grad_norm": 0.06811555192107335, "loss": 0.009963809195323848, "top1_acc": 1.0, "top5_acc": 1.0, "loss_cls": 0.009963809195323848, "time": 1.1356878876686096, "epoch": 14, "iter": 252, "memory": 9590, "step": 252}
{"acc/top1": 0.5833333333333334, "acc/top5": 1.0, "acc/mean1": 0.6166666666666667, "data_time": 0.8154723644256592, "time": 1.110720157623291, "step": 14}
{"lr": 0.062404526902783135, "data_time": 0.09843984842300416, "grad_norm": 0.05488584111444652, "loss": 0.010531571798492224, "top1_acc": 1.0, "top5_acc": 1.0, "loss_cls": 0.010531571798492224, "time": 1.1337604522705078, "epoch": 15, "iter": 270, "memory": 9590, "step": 270}
{"acc/top1": 0.5833333333333334, "acc/top5": 1.0, "acc/mean1": 0.6166666666666667, "data_time": 0.8401423692703247, "time": 1.1361641883850098, "step": 15}
{"lr": 0.05063110801323691, "data_time": 0.12016811370849609, "grad_norm": 0.07898429341148586, "loss": 0.010233070596586912, "top1_acc": 1.0, "top5_acc": 1.0, "loss_cls": 0.010233070596586912, "time": 1.1555373430252076, "epoch": 16, "iter": 288, "memory": 9590, "step": 288}
{"acc/top1": 0.5833333333333334, "acc/top5": 1.0, "acc/mean1": 0.6166666666666667, "data_time": 0.8578928709030151, "time": 1.154707908630371, "step": 16}
{"lr": 0.03970240455322699, "data_time": 0.11141903400421142, "grad_norm": 0.0753373552346602, "loss": 0.011657351843314245, "top1_acc": 1.0, "top5_acc": 1.0, "loss_cls": 0.011657351843314245, "time": 1.146890115737915, "epoch": 17, "iter": 306, "memory": 9590, "step": 306}
{"acc/top1": 0.5833333333333334, "acc/top5": 1.0, "acc/mean1": 0.6166666666666667, "data_time": 0.8284621238708496, "time": 1.125390648841858, "step": 17}
{"lr": 0.02980540966896316, "data_time": 0.10229365825653076, "grad_norm": 0.022883175511378796, "loss": 0.004400545120006427, "top1_acc": 1.0, "top5_acc": 1.0, "loss_cls": 0.004400545120006427, "time": 1.135673177242279, "epoch": 18, "iter": 324, "memory": 9590, "step": 324}
{"acc/top1": 0.5833333333333334, "acc/top5": 1.0, "acc/mean1": 0.6166666666666667, "data_time": 0.8263729810714722, "time": 1.1219923496246338, "step": 18}
{"lr": 0.021109463686880537, "data_time": 0.10248920917510987, "grad_norm": 0.05316114845918492, "loss": 0.00599188866908662, "top1_acc": 1.0, "top5_acc": 1.0, "loss_cls": 0.00599188866908662, "time": 1.136072826385498, "epoch": 19, "iter": 342, "memory": 9590, "step": 342}
{"acc/top1": 0.5833333333333334, "acc/top5": 1.0, "acc/mean1": 0.6166666666666667,