{"acc/top1": 0.6666666666666666, "acc/top5": 1.0, "acc/mean1": 0.7000000000000001, "data_time": 0.5782620310783386, "time": 1.2336835066477458}