{"acc/top1": 0.75, "acc/top5": 1.0, "acc/mean1": 0.7833333333333333, "data_time": 0.5000803470611572, "time": 1.2611207167307537}