{"acc/top1": 0.5, "acc/top5": 1.0, "acc/mean1": 0.48888888888888893, "data_time": 0.5462498068809509, "time": 1.2741911212603252}